id_delivery,fare_estimate
3,17.49540486373354
1,8.542138732133013
2,11.375687849501139
